526;16;1;0;9;29;99;3.80;2;2;1;87;0;56999;-2;0
526;16;1;0;10;29;99;5.20;1;1;1;76;0;62999;-2;0
526;16;1;0;18;40;99;3.80;1;1;1;78;0;112099;49075;0
526;16;1;0;19;13;99;4.60;2;2;1;79;0;115399;58384;0
526;16;1;0;23;32;64;25.40;1;1;5;68;0;141264;29147;0
526;16;1;0;27;20;99;3.60;2;2;1;97;0;164099;48679;0
526;16;1;0;27;54;27;3.80;1;1;1;89;0;167427;26028;0
526;16;1;0;33;45;95;3.80;2;2;1;77;0;202595;38482;0
526;16;1;0;35;41;14;3.80;1;1;1;99;0;214114;46671;0
526;16;1;0;48;48;29;3.80;2;2;1;84;0;292829;90216;0
526;16;1;0;50;27;99;23.00;1;1;5;88;0;302799;88671;0
526;16;1;0;56;59;99;4.20;2;2;1;80;0;341999;49153;0
526;16;1;0;57;45;14;5.00;2;2;1;82;0;346514;4496;0
526;16;1;1;10;35;99;4.60;1;1;1;93;0;423599;120705;0
526;16;1;1;14;14;99;4.20;2;2;1;85;0;445499;98963;0
526;16;1;1;23;18;99;5.40;2;2;1;96;0;499899;54382;0
526;16;1;1;25;8;99;3.60;2;2;1;80;0;510899;10979;0
526;16;1;1;46;14;22;3.80;1;1;1;98;0;637422;213805;0
526;16;1;1;51;1;99;3.60;2;2;1;91;0;666199;155283;0
526;16;1;2;21;15;45;3.80;2;2;1;83;0;847545;181331;0
526;16;1;2;37;49;22;3.80;1;1;1;104;0;946922;309486;0
526;16;1;2;48;38;95;22.40;1;1;5;91;0;1011895;64959;0
526;16;1;3;4;57;82;20.40;1;1;5;75;0;1109782;97798;0
526;16;1;3;6;23;30;24.00;1;1;5;85;0;1118330;8450;0
526;16;1;3;21;24;62;9.80;1;1;6;71;0;1208462;90030;0
526;16;1;3;24;6;99;8.60;1;1;6;88;0;1224699;16187;0
526;16;1;3;59;33;99;4.20;2;2;1;82;0;1437399;589837;0
526;16;1;4;11;6;99;4.00;2;2;1;92;0;1506699;69281;0
526;16;1;4;17;53;17;4.40;1;1;1;82;0;1547317;322582;0
526;16;1;4;23;2;68;4.80;1;1;1;81;0;1578268;30931;0
526;16;1;4;23;15;32;18.00;1;1;5;83;0;1579532;1242;0
526;16;1;4;36;3;5;1.00;2;2;1;77;1;1656305;149590;0
526;16;1;4;45;43;99;5.20;1;1;1;123;0;1714399;134788;0
526;16;1;4;48;50;26;4.00;2;2;1;91;0;1733026;226311;0
526;16;1;4;54;9;12;5.00;1;1;1;119;0;1764912;50497;0
526;16;1;4;55;45;3;3.80;2;2;1;86;0;1774503;41461;0
526;16;1;4;58;53;13;4.40;2;2;1;85;0;1793313;18794;0
526;16;1;5;10;10;99;4.00;2;2;1;105;0;1861099;67767;0
526;16;1;5;11;19;99;3.80;2;2;1;83;0;1867999;6886;0
526;16;1;5;14;22;99;1.00;1;1;1;1;1;1886299;121371;0
526;16;1;5;24;47;99;4.00;1;1;1;102;0;1948799;183871;0
526;16;1;5;35;42;17;4.00;1;1;1;91;0;2014217;65403;0
526;16;1;5;49;36;99;7.40;2;2;1;78;0;2097699;229683;0
526;16;1;5;57;0;16;3.80;2;2;1;94;0;2142016;44282;0
526;16;1;5;59;19;31;25.20;1;1;5;91;0;2155931;141698;0
526;16;1;6;3;8;99;3.40;1;1;1;83;0;2178899;22868;0
526;16;1;6;8;47;11;3.80;2;2;1;90;0;2212711;70680;0
526;16;1;6;17;16;99;4.00;1;1;1;86;0;2263699;84785;0
526;16;1;6;25;33;99;3.80;2;2;1;74;0;2313399;100672;0
526;16;1;6;25;41;65;4.80;2;2;1;75;0;2314165;747;0
526;16;1;6;37;37;99;3.60;2;2;1;71;0;2385799;71610;0
526;16;1;6;42;49;99;3.20;2;2;1;89;0;2416999;31181;0
526;16;1;6;49;27;99;3.60;2;2;1;98;0;2456799;39787;0
526;16;1;6;57;10;92;9.80;2;2;6;100;0;2503092;46279;0
526;16;1;6;58;14;83;4.40;2;2;1;81;0;2509483;6355;0
526;16;1;7;6;14;99;4.00;2;2;1;85;0;2557499;47996;0
526;16;1;7;8;55;99;3.60;2;2;1;93;0;2573599;16083;0
526;16;1;7;13;24;99;4.00;2;2;1;95;0;2600499;26886;0
526;16;1;7;13;27;25;4.20;1;1;1;81;0;2600725;337009;0
526;16;1;7;17;49;38;4.20;2;2;1;111;0;2626938;26423;0
526;16;1;7;23;34;59;3.20;2;2;1;94;0;2661459;34507;0
526;16;1;7;31;0;94;4.40;2;2;1;103;0;2706094;44622;0
526;16;1;7;39;19;20;4.00;1;1;1;111;0;2755920;155176;0
526;16;1;7;44;23;2;4.20;2;2;1;89;0;2786302;80192;0
526;16;1;7;46;13;41;6.20;2;2;1;167;0;2797341;11022;0
526;16;1;7;58;7;99;3.00;2;2;1;51;0;2868799;71444;0
526;16;1;8;3;43;88;5.20;2;2;1;112;0;2902388;33567;0
526;16;1;8;7;40;1;4.20;1;1;1;86;0;2926001;170068;0
526;16;1;8;21;49;99;4.20;2;2;1;91;0;3010999;108594;0
526;16;1;8;30;43;65;4.20;1;1;1;96;0;3064365;138346;0
526;16;1;8;31;13;99;21.00;1;1;5;87;0;3067399;3018;0
526;16;1;8;31;46;70;19.20;2;2;5;75;0;3070670;59654;0
526;16;1;8;33;33;99;4.20;1;1;1;86;0;3081399;13913;0
526;16;1;8;36;35;99;3.60;1;1;1;82;0;3099599;18182;0
526;16;1;8;36;52;99;3.80;1;1;1;87;0;3101299;1684;0
526;16;1;8;44;13;8;4.80;1;1;1;86;0;3145308;43993;0
526;16;1;8;45;1;97;8.60;2;2;6;88;0;3150197;79434;0
526;16;1;8;46;33;99;4.00;1;1;1;87;0;3159399;14070;0
526;16;1;8;47;6;99;3.60;1;1;1;101;0;3162699;3283;0
526;16;1;8;50;10;29;3.80;2;2;1;78;0;3181029;30796;0
526;16;1;8;50;28;52;4.80;2;2;1;88;0;3182852;1805;0
526;16;1;8;51;13;16;4.80;2;2;1;95;0;3187316;4444;0
526;16;1;8;57;58;33;4.20;1;1;1;99;0;3227833;65121;0
526;16;1;9;0;5;99;19.80;2;2;5;84;0;3240599;53264;0
526;16;1;9;3;24;99;3.80;2;2;1;93;0;3260499;19815;0
526;16;1;9;5;13;25;6.60;1;1;1;109;0;3271325;43476;0
526;16;1;9;6;16;99;3.20;1;1;1;90;0;3277699;6352;0
526;16;1;9;6;17;75;1.20;2;2;1;86;0;3277775;17261;0
526;16;1;9;11;34;99;4.60;2;2;1;78;0;3309499;31718;0
526;16;1;9;11;37;13;3.60;2;2;1;93;0;3309713;192;0
526;16;1;9;12;55;99;3.80;1;1;1;88;0;3317599;39887;0
526;16;1;9;14;35;31;3.60;2;2;1;93;0;3327531;17804;0
526;16;1;9;17;19;99;3.60;2;2;1;87;0;3343999;16454;0
526;16;1;9;17;37;99;3.60;2;2;1;80;0;3345799;1785;0
526;16;1;9;19;18;12;4.40;2;2;1;75;0;3355812;9996;0
526;16;1;9;20;11;99;4.80;2;2;1;94;0;3361199;5365;0
526;16;1;9;24;5;93;3.60;1;1;1;79;0;3384593;66978;0
526;16;1;9;24;43;82;1.00;2;2;1;80;1;3388382;27164;0
526;16;1;9;25;27;99;3.60;2;2;1;119;0;3392799;31581;0
526;16;1;9;25;49;22;4.00;1;1;1;86;0;3394922;10312;0
526;16;1;9;26;57;5;8.20;2;2;6;85;0;3401705;8895;0
526;16;1;9;30;35;99;5.20;2;2;1;81;0;3423599;21859;0
526;16;1;9;32;48;13;3.60;2;2;1;96;0;3436813;13190;0
526;16;1;9;33;39;99;3.80;1;1;1;79;0;3441999;47060;0
526;16;1;9;34;17;99;3.80;1;1;1;118;0;3445799;3782;0
526;16;1;9;38;27;12;4.20;1;1;1;92;0;3470712;24901;0
526;16;1;9;39;59;11;4.40;1;1;1;99;0;3479911;9182;0
526;16;1;9;40;27;99;3.80;1;1;1;86;0;3482799;2872;0
526;16;1;9;41;7;99;3.40;2;2;1;80;0;3486799;49972;0
526;16;1;9;42;21;99;4.40;1;1;1;95;0;3494199;11384;0
526;16;1;9;46;53;99;3.80;2;2;1;89;0;3521399;34584;0
526;16;1;9;46;55;99;4.00;2;2;1;86;0;3521599;184;0
526;16;1;9;47;19;23;3.60;1;1;1;80;0;3523923;29707;0
526;16;1;9;47;19;99;4.60;2;2;1;104;0;3523999;2383;0
526;16;1;9;47;44;99;3.60;1;1;1;85;0;3526499;2559;0
526;16;1;9;51;32;99;4.00;1;1;1;95;0;3549299;22784;0
526;16;1;9;56;8;99;4.40;2;2;1;89;0;3576899;52884;0
526;16;1;9;56;11;99;4.40;2;2;1;86;0;3577199;282;0
526;16;1;9;59;26;2;5.20;2;2;1;87;0;3596602;19384;0
526;16;1;10;3;20;99;4.00;1;1;1;90;0;3620099;70784;0
526;16;1;10;4;47;22;4.20;2;2;1;81;0;3628722;32098;0
526;16;1;10;6;43;99;6.60;2;2;1;89;0;3640399;11658;0
526;16;1;10;7;13;6;3.40;2;2;1;91;0;3643306;2880;0
526;16;1;10;7;17;42;4.60;1;1;1;92;0;3643742;23627;0
526;16;1;10;11;25;6;4.80;2;2;1;87;0;3668506;25186;0
526;16;1;10;14;2;50;4.80;2;2;1;98;0;3684250;15724;0
526;16;1;10;14;45;43;3.20;1;1;1;63;0;3688543;44783;0
526;16;1;10;15;54;7;4.80;1;1;1;94;0;3695407;6845;0
526;16;1;10;17;59;15;3.40;1;1;1;82;0;3707915;12489;0
526;16;1;10;19;15;99;3.40;2;2;1;74;0;3715599;31331;0
526;16;1;10;22;6;99;4.20;2;2;1;88;0;3732699;17083;0
526;16;1;10;25;8;99;4.40;2;2;1;92;0;3750899;18182;0
526;16;1;10;25;37;19;4.20;2;2;1;87;0;3753719;2802;0
526;16;1;10;29;12;99;4.00;1;1;1;132;0;3775299;67369;0
526;16;1;10;30;17;87;6.20;1;1;1;69;0;3781787;6477;0
526;16;1;10;31;40;22;3.40;2;2;1;75;0;3790022;36285;0
526;16;1;10;34;19;99;4.00;2;2;1;86;0;3805999;15960;0
526;16;1;10;34;23;72;24.00;1;1;5;83;0;3806372;24552;0
526;16;1;10;36;4;25;4.00;1;1;1;106;0;3816425;9948;0
526;16;1;10;38;38;7;4.20;2;2;1;94;0;3831807;25791;0
526;16;1;10;41;22;15;4.20;2;2;1;96;0;3848215;16391;0
526;16;1;10;44;35;99;5.00;2;2;1;96;0;3867599;19368;0
526;16;1;10;45;3;74;4.20;1;1;1;86;0;3870374;53935;0
526;16;1;10;50;7;77;3.40;1;1;1;97;0;3900777;30385;0
526;16;1;10;54;27;99;4.40;2;2;1;89;0;3926799;59181;0
526;16;1;10;56;33;0;3.40;2;2;1;92;0;3939300;12483;0
526;16;1;11;0;46;99;4.20;1;1;1;97;0;3964699;63909;0
526;16;1;11;1;3;6;4.00;2;2;1;95;0;3966306;26992;0
526;16;1;11;1;27;99;3.60;2;2;1;92;0;3968799;2477;0
526;16;1;11;1;46;55;3.40;2;2;1;81;0;3970655;1841;0
526;16;1;11;1;48;2;4.00;2;2;1;82;0;3970802;131;0
526;16;1;11;1;50;7;3.80;2;2;1;83;0;3971007;187;0
526;16;1;11;3;4;99;3.80;1;1;1;83;0;3978499;13784;0
526;16;1;11;3;58;99;3.80;1;1;1;85;0;3983899;5383;0
526;16;1;11;4;18;99;4.00;2;2;1;80;0;3985899;14875;0
526;16;1;11;6;33;84;4.40;2;2;1;86;0;3999384;13467;0
526;16;1;11;6;39;99;3.60;2;2;1;89;0;3999999;596;0
526;16;1;11;6;58;47;9.60;1;1;6;85;0;4001847;17931;0
526;16;1;11;7;34;66;3.80;2;2;1;103;0;4005466;5452;0
526;16;1;11;10;43;34;4.00;2;2;1;84;0;4024334;18854;0
526;16;1;11;11;2;25;4.00;2;2;1;83;0;4026225;1873;0
526;16;1;11;13;13;1;4.00;1;1;1;85;0;4039301;37413;0
526;16;1;11;13;18;99;4.60;1;1;1;82;0;4039899;581;0
526;16;1;11;15;0;99;3.80;2;2;1;80;0;4050099;23856;0
526;16;1;11;15;50;8;3.60;1;1;1;82;0;4055008;15088;0
526;16;1;11;16;0;32;4.20;2;2;1;95;0;4056032;5915;0
526;16;1;11;16;26;99;4.20;2;2;1;78;0;4058699;2651;0
526;16;1;11;16;28;99;3.60;1;1;1;80;0;4058899;3875;0
526;16;1;11;17;27;99;4.00;2;2;1;83;0;4064799;6080;0
526;16;1;11;17;44;99;3.80;1;1;1;85;0;4066499;7583;0
526;16;1;11;18;31;99;13.20;2;2;3;87;0;4071199;6382;0
526;16;1;11;19;9;99;4.00;1;1;1;88;0;4074999;8483;0
526;16;1;11;20;29;71;22.40;2;2;5;84;0;4082971;11717;0
526;16;1;11;21;22;99;3.60;2;2;1;85;0;4088299;5232;0
526;16;1;11;22;9;21;8.80;2;2;6;84;0;4092921;4606;0
526;16;1;11;22;22;41;3.80;2;2;1;103;0;4094241;1282;0
526;16;1;11;23;24;94;5.20;2;2;1;91;0;4100494;6239;0
526;16;1;11;24;21;22;3.80;2;2;1;90;0;4106122;5607;0
526;16;1;11;25;27;86;3.80;2;2;1;81;0;4112786;6648;0
526;16;1;11;25;28;99;4.20;2;2;1;82;0;4112899;96;0
526;16;1;11;26;58;37;3.80;1;1;1;101;0;4121837;46821;0
526;16;1;11;29;18;99;3.60;2;2;1;92;0;4135899;22981;0
526;16;1;11;29;26;99;3.80;1;1;1;93;0;4136699;14848;0
526;16;1;11;29;51;99;3.60;2;2;1;81;0;4139199;3285;0
526;16;1;11;30;59;7;4.60;2;2;1;85;0;4145907;6692;0
526;16;1;11;31;58;34;4.20;1;1;1;85;0;4151834;15120;0
526;16;1;11;33;2;17;4.00;2;2;1;92;0;4158217;12290;0
526;16;1;11;33;28;99;3.80;2;2;1;86;0;4160899;2666;0
526;16;1;11;33;47;4;3.80;2;2;1;90;0;4162704;1789;0
526;16;1;11;34;25;99;3.80;1;1;1;96;0;4166599;14747;0
526;16;1;11;37;50;99;4.20;1;1;1;89;0;4187099;20485;0
526;16;1;11;40;9;99;4.40;2;2;1;87;0;4200999;38279;0
526;16;1;11;41;27;99;4.00;1;1;1;77;0;4208799;21683;0
526;16;1;11;41;44;81;3.80;2;2;1;83;0;4210481;9463;0
526;16;1;11;41;48;7;4.00;2;2;1;81;0;4210807;309;0
526;16;1;11;43;12;99;4.20;1;1;1;89;0;4219299;10481;0
526;16;1;11;43;14;92;3.60;2;2;1;82;0;4219492;8667;0
526;16;1;11;43;32;9;3.40;2;2;1;64;0;4221209;1701;0
526;16;1;11;43;35;99;4.20;2;2;1;90;0;4221599;370;0
526;16;1;11;43;38;17;4.00;2;2;1;95;0;4221817;201;0
526;16;1;11;44;10;10;8.80;1;1;6;82;0;4225010;5694;0
526;16;1;11;45;55;14;4.40;2;2;1;78;0;4235514;13681;0
526;16;1;11;46;18;37;6.40;2;2;1;95;0;4237837;2302;0
526;16;1;11;49;0;16;3.60;2;2;1;88;0;4254016;16154;0
526;16;1;11;50;48;99;3.80;1;1;1;79;0;4264899;39850;0
526;16;1;11;52;43;99;3.60;2;2;1;81;0;4276399;22368;0
526;16;1;11;53;39;99;4.00;1;1;1;80;0;4281999;17082;0
526;16;1;11;55;9;99;4.20;2;2;1;89;0;4290999;14584;0
526;16;1;11;55;12;99;4.00;2;2;1;73;0;4291299;283;0
526;16;1;11;56;34;99;4.20;2;2;1;84;0;4299499;8180;0
526;16;1;11;58;16;99;4.20;1;1;1;104;0;4309699;27682;0
526;16;1;11;58;34;99;4.20;2;2;1;78;0;4311499;11982;0
526;16;1;12;1;2;99;3.80;2;2;1;77;0;4326299;14780;0
526;16;1;12;1;23;99;3.80;2;2;1;81;0;4328399;2082;0
526;16;1;12;1;58;99;3.80;1;1;1;82;0;4331899;22185;0
526;16;1;12;3;56;99;3.60;2;2;1;76;0;4343699;15283;0
526;16;1;12;8;43;99;4.40;2;2;1;87;0;4372399;28682;0
526;16;1;12;9;32;97;22.60;1;1;5;82;0;4377297;45381;0
526;16;1;12;9;38;45;3.40;1;1;1;94;0;4377845;448;0
526;16;1;12;10;36;32;3.60;1;1;1;94;0;4383632;5773;0
526;16;1;12;11;11;99;3.80;2;2;1;89;0;4387199;14781;0
526;16;1;12;11;32;29;4.00;1;1;1;100;0;4389229;5583;0
526;16;1;12;13;24;99;4.40;2;2;1;97;0;4400499;13284;0
526;16;1;12;14;4;54;3.80;1;1;1;90;0;4404454;15210;0
526;16;1;12;14;5;99;3.60;2;2;1;82;0;4404599;4083;0
526;16;1;12;14;8;99;3.40;2;2;1;87;0;4404899;284;0
526;16;1;12;14;19;40;4.20;1;1;1;80;0;4405940;1470;0
526;16;1;12;14;29;99;4.00;1;1;1;101;0;4406999;1040;0
526;16;1;12;14;30;4;4.20;2;2;1;87;0;4407004;2090;0
526;16;1;12;15;50;15;3.60;1;1;1;85;0;4415015;8001;0
526;16;1;12;16;22;16;3.80;2;2;1;88;0;4418216;11194;0
526;16;1;12;16;23;99;3.80;2;2;1;88;0;4418399;167;0
526;16;1;12;17;9;6;3.60;2;2;1;81;0;4422906;4491;0
526;16;1;12;19;47;34;4.00;2;2;1;86;0;4438734;15812;0
526;16;1;12;20;1;99;4.00;2;2;1;83;0;4440199;1448;0
526;16;1;12;20;4;3;3.60;2;2;1;84;0;4440403;186;0
526;16;1;12;20;6;99;3.80;2;2;1;79;0;4440699;280;0
526;16;1;12;20;9;0;4.20;2;2;1;83;0;4440900;183;0
526;16;1;12;21;16;22;4.40;2;2;1;88;0;4447622;6703;0
526;16;1;12;21;21;99;3.60;2;2;1;89;0;4448199;559;0
526;16;1;12;21;42;75;1.20;2;2;1;83;0;4450275;2061;0
526;16;1;12;23;12;16;3.80;1;1;1;84;0;4459216;44185;0
526;16;1;12;25;0;99;3.40;1;1;1;88;0;4470099;10866;0
526;16;1;12;25;4;99;9.60;1;1;6;88;0;4470499;386;0
526;16;1;12;25;15;32;3.40;2;2;1;88;0;4471532;21251;0
526;16;1;12;28;40;33;3.80;2;2;1;93;0;4492033;20487;0
526;16;1;12;30;40;87;4.20;1;1;1;83;0;4504087;33548;0
526;16;1;12;31;38;99;3.80;2;2;1;85;0;4509899;17851;0
526;16;1;12;32;39;8;4.00;1;1;1;84;0;4515908;11802;0
526;16;1;12;32;39;10;5.40;2;2;1;77;0;4515910;5994;0
526;16;1;12;32;42;99;3.40;2;2;1;78;0;4516299;363;0
526;16;1;12;33;33;99;4.00;2;2;1;76;0;4521399;5084;0
526;16;1;12;34;13;18;3.60;1;1;1;90;0;4525318;9392;0
526;16;1;12;34;17;53;3.60;1;1;1;91;0;4525753;420;0
526;16;1;12;35;23;13;3.60;2;2;1;72;0;4532313;10895;0
526;16;1;12;35;34;33;3.80;2;2;1;92;0;4533433;1102;0
526;16;1;12;35;52;42;3.80;2;2;1;91;0;4535242;1794;0
526;16;1;12;37;20;9;5.40;1;1;1;85;0;4544009;18241;0
526;16;1;12;37;37;33;4.60;1;1;1;105;0;4545733;1701;0
526;16;1;12;39;35;21;4.20;1;1;1;90;0;4557521;11772;0
526;16;1;12;40;13;44;3.60;2;2;1;90;0;4561344;26086;0
526;16;1;12;40;32;3;4.20;2;2;1;77;0;4563203;1844;0
526;16;1;12;40;35;99;3.60;2;2;1;79;0;4563599;376;0
526;16;1;12;40;57;71;3.60;1;1;1;92;0;4565771;8233;0
526;16;1;12;42;55;15;5.00;2;2;1;87;0;4577515;13899;0
526;16;1;12;43;37;7;3.20;2;2;1;83;0;4581707;4171;0
526;16;1;12;43;38;66;3.80;2;2;1;84;0;4581866;145;0
526;16;1;12;45;2;36;4.00;1;1;1;92;0;4590236;24450;0
526;16;1;12;45;20;46;4.40;1;1;1;88;0;4592046;1794;0
526;16;1;12;48;26;99;5.00;2;2;1;92;0;4610699;28816;0
526;16;1;12;48;44;99;12.00;1;1;3;92;0;4612499;20435;0
526;16;1;12;49;1;91;4.20;1;1;1;86;0;4614191;1645;0
526;16;1;12;49;54;58;10.00;1;1;6;99;0;4619458;5249;0
526;16;1;12;50;48;81;3.20;2;2;1;65;0;4624881;14162;0
526;16;1;12;51;52;22;3.60;1;1;1;96;0;4631222;11727;0
526;16;1;12;54;2;10;4.80;2;2;1;78;0;4644210;19311;0
526;16;1;12;54;17;16;3.60;1;1;1;86;0;4645716;14480;0
526;16;1;12;54;23;24;4.00;1;1;1;90;0;4646324;592;0
526;16;1;12;54;29;99;5.40;1;1;1;89;0;4646999;659;0
526;16;1;12;56;36;21;3.60;1;1;1;74;0;4659621;12600;0
526;16;1;12;56;38;3;5.00;2;2;1;85;0;4659803;15570;0
526;16;1;12;56;56;16;4.40;2;2;1;80;0;4661616;1791;0
526;16;1;12;57;19;99;4.20;1;1;1;98;0;4663999;4360;0
526;16;1;12;57;40;74;3.60;1;1;1;100;0;4666074;2059;0
526;16;1;12;58;20;99;4.40;2;2;1;99;0;4670099;8463;0
526;16;1;13;0;10;4;3.20;1;1;1;89;0;4681004;14917;0
526;16;1;13;0;16;79;4.20;1;1;1;87;0;4681679;662;0
526;16;1;13;0;43;99;4.00;1;1;1;96;0;4684399;2702;0
526;16;1;13;1;41;54;8.20;2;2;6;83;0;4690154;20039;0
526;16;1;13;2;21;24;3.80;1;1;1;81;0;4694124;9710;0
526;16;1;13;2;24;78;5.20;1;1;1;83;0;4694478;337;0
526;16;1;13;3;15;13;5.60;2;2;1;107;0;4699513;9323;0
526;16;1;13;3;54;8;3.60;1;1;1;89;0;4703408;8907;0
526;16;1;13;4;59;99;3.60;1;1;1;77;0;4709999;6576;0
526;16;1;13;5;41;68;4.20;2;2;1;86;0;4714168;14636;0
526;16;1;13;6;3;23;4.00;2;2;1;92;0;4716323;2137;0
526;16;1;13;6;29;86;4.20;2;2;1;25;0;4718986;2647;0
526;16;1;13;6;34;99;3.60;2;2;1;79;0;4719499;452;0
526;16;1;13;6;36;16;4.00;2;2;1;77;0;4719616;100;0
526;16;1;13;6;43;89;4.00;2;2;1;79;0;4720389;754;0
526;16;1;13;6;50;2;3.40;1;1;1;82;0;4721002;10986;0
526;16;1;13;7;28;16;3.40;2;2;1;71;0;4724816;4408;0
526;16;1;13;7;30;99;3.60;2;2;1;73;0;4725099;265;0
526;16;1;13;7;31;74;4.60;2;2;1;72;0;4725174;57;0
526;16;1;13;7;33;99;6.00;2;2;1;74;0;4725399;202;0
526;16;1;13;7;52;87;3.80;1;1;1;97;0;4727287;6270;0
526;16;1;13;7;58;20;4.60;2;2;1;81;0;4727820;2391;0
526;16;1;13;10;3;99;4.20;2;2;1;86;0;4740399;12558;0
526;16;1;13;10;35;99;6.40;2;2;1;88;0;4743599;3182;0
526;16;1;13;11;12;99;3.80;2;2;1;107;0;4747299;3673;0
526;16;1;13;11;15;99;3.80;1;1;1;94;0;4747599;20297;0
526;16;1;13;15;37;99;9.60;1;1;6;88;0;4773799;26185;0
526;16;1;13;16;4;99;4.00;2;2;1;76;0;4776499;29187;0
526;16;1;13;16;9;99;3.80;2;2;1;79;0;4776999;481;0
526;16;1;13;16;42;23;3.60;2;2;1;78;0;4780223;3206;0
526;16;1;13;20;53;99;3.40;2;2;1;79;0;4805399;25159;0
526;16;1;13;21;18;44;6.60;1;1;1;89;0;4807844;34005;0
526;16;1;13;21;23;34;3.80;2;2;1;88;0;4808334;2919;0
526;16;1;13;22;14;65;4.00;2;2;1;80;0;4813465;5115;0
526;16;1;13;22;18;2;4.00;2;2;1;80;0;4813802;319;0
526;16;1;13;22;37;31;4.40;2;2;1;80;0;4815731;1911;0
526;16;1;13;22;44;25;4.00;1;1;1;91;0;4816425;8554;0
526;16;1;13;23;18;50;3.80;1;1;1;88;0;4819850;3409;0
526;16;1;13;24;25;99;3.80;1;1;1;89;0;4826599;6733;0
526;16;1;13;24;27;27;4.20;1;1;1;91;0;4826727;112;0
526;16;1;13;24;54;19;0.60;2;2;1;11;1;4829419;13668;0
526;16;1;13;25;21;28;3.40;2;2;1;81;0;4832128;16377;0
526;16;1;13;25;41;9;3.80;2;2;1;80;0;4834109;1965;0
526;16;1;13;25;42;99;3.80;2;2;1;80;0;4834299;172;0
526;16;1;13;27;24;45;3.40;2;2;1;83;0;4844445;10128;0
526;16;1;13;27;52;42;4.80;2;2;1;83;0;4847242;2782;0
526;16;1;13;28;2;14;5.80;2;2;1;87;0;4848214;951;0
526;16;1;13;28;24;99;4.00;1;1;1;101;0;4850499;23755;0
526;16;1;13;28;35;99;4.00;2;2;1;87;0;4851599;3361;0
526;16;1;13;29;2;11;3.60;2;2;1;96;0;4854211;2595;0
526;16;1;13;29;29;28;3.80;1;1;1;86;0;4856928;6414;0
526;16;1;13;30;3;12;4.00;2;2;1;96;0;4860312;6087;0
526;16;1;13;30;48;99;3.20;2;2;1;81;0;4864899;4572;0
526;16;1;13;32;40;7;4.00;2;2;1;88;0;4876007;11093;0
526;16;1;13;33;9;71;25.40;1;1;5;87;0;4878971;22027;0
526;16;1;13;33;41;12;4.20;2;2;1;95;0;4882112;6088;0
526;16;1;13;35;34;99;4.00;2;2;1;86;0;4893499;11371;0
526;16;1;13;35;55;99;5.40;1;1;1;93;0;4895599;16522;0
526;16;1;13;36;48;99;5.00;2;2;1;100;0;4900899;7383;0
526;16;1;13;39;22;99;3.80;1;1;1;78;0;4916299;20679;0
526;16;1;13;41;31;76;4.40;2;2;1;97;0;4929176;28259;0
526;16;1;13;41;34;34;1.20;1;1;1;108;0;4929434;13117;0
526;16;1;13;43;34;89;5.20;2;2;1;92;0;4941489;12296;0
526;16;1;13;44;26;99;3.80;2;2;1;80;0;4946699;5189;0
526;16;1;13;44;29;99;4.00;2;2;1;80;0;4946999;282;0
526;16;1;13;44;54;99;4.60;2;2;1;74;0;4949499;2482;0
526;16;1;13;45;2;99;4.20;2;2;1;75;0;4950299;777;0
526;16;1;13;45;30;99;3.60;2;2;1;82;0;4953099;2779;0
526;16;1;13;47;19;39;3.20;1;1;1;89;0;4963939;34501;0
526;16;1;13;47;57;20;4.00;2;2;1;85;0;4967720;14605;0
526;16;1;13;48;18;65;3.80;2;2;1;81;0;4969865;2128;0
526;16;1;13;49;21;99;4.00;2;2;1;85;0;4976199;6317;0
526;16;1;13;49;24;99;5.00;2;2;1;91;0;4976499;283;0
526;16;1;13;49;27;69;4.00;2;2;1;89;0;4976769;250;0
526;16;1;13;49;44;29;3.80;2;2;1;89;0;4978429;1643;0
526;16;1;13;49;49;12;3.80;1;1;1;92;0;4978912;14960;0
526;16;1;13;50;17;99;9.20;1;1;6;87;0;4981799;2872;0
526;16;1;13;50;34;4;3.80;1;1;1;81;0;4983404;1566;0
526;16;1;13;50;38;99;3.80;1;1;1;81;0;4983899;478;0
526;16;1;13;50;52;92;3.60;1;1;1;87;0;4985292;1376;0
526;16;1;13;50;57;18;4.40;1;1;1;92;0;4985718;411;0
526;16;1;13;51;40;31;3.40;2;2;1;88;0;4990031;11586;0
526;16;1;13;52;58;10;4.00;1;1;1;84;0;4997810;12074;0
526;16;1;13;54;44;7;4.60;1;1;1;93;0;5008407;10579;0
526;16;1;13;56;8;99;4.00;2;2;1;83;0;5016899;26854;0
526;16;1;13;56;45;99;3.40;1;1;1;78;0;5020599;12174;0
526;16;1;13;57;31;0;4.40;2;2;1;81;0;5025100;8183;0
526;16;1;13;57;35;99;3.60;2;2;1;82;0;5025599;479;0
526;16;1;13;57;41;69;4.00;2;2;1;80;0;5026169;554;0
526;16;1;13;58;15;99;4.40;1;1;1;91;0;5029599;8984;0
526;16;1;13;59;2;8;4.40;2;2;1;105;0;5034208;8021;0
526;16;1;13;59;19;97;3.60;1;1;1;81;0;5035997;6380;0
526;16;1;13;59;42;84;4.20;2;2;1;82;0;5038284;4060;0
526;16;1;14;0;5;99;4.40;2;2;1;96;0;5040599;2296;0
526;16;1;14;0;13;99;4.00;1;1;1;83;0;5041399;5386;0
526;16;1;14;0;14;99;4.00;1;1;1;81;0;5041499;82;0
526;16;1;14;1;12;9;4.00;1;1;1;80;0;5047209;5692;0
526;16;1;14;1;13;99;3.80;1;1;1;77;0;5047399;172;0
526;16;1;14;1;15;99;3.60;2;2;1;87;0;5047599;6983;0
526;16;1;14;2;33;91;4.20;2;2;1;111;0;5055391;7777;0
526;16;1;14;3;34;23;4.20;2;2;1;95;0;5061423;6018;0
526;16;1;14;3;53;99;3.80;1;1;1;83;0;5063399;15982;0
526;16;1;14;4;27;99;4.40;2;2;1;85;0;5066799;5360;0
526;16;1;14;5;12;4;6.00;1;1;1;88;0;5071204;7788;0
526;16;1;14;5;15;99;3.20;2;2;1;84;0;5071599;4781;0
526;16;1;14;5;24;1;3.80;1;1;1;99;0;5072401;1172;0
526;16;1;14;5;29;19;3.80;1;1;1;128;0;5072919;504;0
526;16;1;14;5;33;99;3.80;2;2;1;84;0;5073399;1786;0
526;16;1;14;6;21;87;3.20;2;2;1;69;0;5078187;4771;0
526;16;1;14;6;51;7;3.40;2;2;1;88;0;5081107;2903;0
526;16;1;14;7;25;64;4.00;1;1;1;86;0;5084564;11634;0
526;16;1;14;7;26;99;3.80;1;1;1;89;0;5084699;118;0
526;16;1;14;7;33;97;3.80;2;2;1;86;0;5085397;4276;0
526;16;1;14;8;32;4;3.80;2;2;1;82;0;5091204;5791;0
526;16;1;14;8;47;15;3.60;2;2;1;82;0;5092715;1494;0
526;16;1;14;9;16;13;4.40;2;2;1;78;0;5095613;2882;0
526;16;1;14;9;22;22;4.40;2;2;1;92;0;5096222;588;0
526;16;1;14;9;38;74;4.20;2;2;1;98;0;5097874;1634;0
526;16;1;14;11;14;99;4.00;2;2;1;77;0;5107499;9609;0
526;16;1;14;12;22;99;4.40;2;2;1;99;0;5114299;6781;0
526;16;1;14;13;31;91;4.00;1;1;1;89;0;5121191;36476;0
526;16;1;14;14;15;27;4.40;2;2;1;99;0;5125527;11212;0
526;16;1;14;15;41;38;4.80;1;1;1;107;0;5134138;12930;0
526;16;1;14;15;50;99;3.80;2;2;1;81;0;5135099;9556;0
526;16;1;14;15;51;1;4.60;1;1;1;80;0;5135101;946;0
526;16;1;14;16;10;99;4.80;1;1;1;92;0;5137099;1977;0
526;16;1;14;16;11;4;4.00;2;2;1;83;0;5137104;1988;0
526;16;1;14;16;59;99;4.40;1;1;1;116;0;5141999;4881;0
526;16;1;14;18;2;22;5.00;2;2;1;81;0;5148222;11100;0
526;16;1;14;18;4;20;3.60;2;2;1;81;0;5148420;175;0
526;16;1;14;18;6;19;3.60;2;2;1;81;0;5148619;183;0
526;16;1;14;18;8;99;4.00;1;1;1;84;0;5148899;6886;0
526;16;1;14;18;9;8;4.40;2;2;1;83;0;5148908;273;0
526;16;1;14;19;4;99;3.80;1;1;1;100;0;5154499;5582;0
526;16;1;14;19;5;30;4.20;1;1;1;111;0;5154530;17;0
526;16;1;14;19;40;8;4.20;2;2;1;103;0;5158008;9080;0
526;16;1;14;21;12;99;3.80;2;2;1;85;0;5167299;9276;0
526;16;1;14;21;26;96;12.40;2;2;2;81;0;5168696;1380;0
526;16;1;14;21;30;99;4.00;2;2;1;81;0;5169099;347;0
526;16;1;14;21;33;16;3.60;2;2;1;83;0;5169316;199;0
526;16;1;14;22;7;9;3.80;2;2;1;95;0;5172709;3377;0
526;16;1;14;23;45;58;4.60;2;2;1;92;0;5182558;9834;0
526;16;1;14;24;0;19;4.40;2;2;1;75;0;5184019;1443;0
526;16;1;14;24;45;99;3.80;2;2;1;85;0;5188599;4558;0
526;16;1;14;25;22;18;4.20;1;1;1;94;0;5192218;37674;0
526;16;1;14;25;24;9;3.80;1;1;1;79;0;5192409;174;0
526;16;1;14;25;52;12;3.60;2;2;1;83;0;5195212;6596;0
526;16;1;14;25;54;13;4.20;2;2;1;82;0;5195413;185;0
526;16;1;14;26;6;57;5.00;2;2;1;86;0;5196657;1225;0
526;16;1;14;26;10;9;3.80;2;2;1;88;0;5197009;331;0
526;16;1;14;27;9;1;3.40;2;2;1;93;0;5202901;5876;0
526;16;1;14;28;12;32;22.60;1;1;5;84;0;5209232;16805;0
526;16;1;14;28;17;99;5.80;2;2;1;85;0;5209799;6884;0
526;16;1;14;28;41;99;3.60;2;2;1;83;0;5212199;2375;0
526;16;1;14;30;3;14;3.80;2;2;1;88;0;5220314;8099;0
526;16;1;14;30;8;11;4.00;2;2;1;89;0;5220811;481;0
526;16;1;14;31;20;34;3.60;1;1;1;89;0;5228034;18705;0
526;16;1;14;32;40;18;3.60;2;2;1;94;0;5236018;15190;0
526;16;1;14;32;51;99;3.60;1;1;1;86;0;5237199;9150;0
526;16;1;14;33;0;27;3.80;2;2;1;76;0;5238027;1995;0
526;16;1;14;33;3;70;3.80;1;1;1;103;0;5238370;1155;0
526;16;1;14;33;42;99;3.60;2;2;1;78;0;5242299;4254;0
526;16;1;14;34;57;99;3.60;1;1;1;83;0;5249799;11415;0
526;16;1;14;36;9;99;4.00;2;2;1;80;0;5256999;14683;0
526;16;1;14;38;51;11;3.40;2;2;1;82;0;5273111;16094;0
526;16;1;14;38;54;18;5.20;2;2;1;85;0;5273418;292;0
526;16;1;14;39;0;99;9.60;2;2;6;89;0;5274099;658;0
526;16;1;14;39;42;6;3.40;2;2;1;79;0;5278206;4068;0
526;16;1;14;40;13;44;3.60;2;2;1;94;0;5281344;3122;0
526;16;1;14;41;26;99;8.40;1;1;6;79;0;5288699;38884;0
526;16;1;14;42;29;52;23.20;2;2;5;84;0;5294952;13594;0
526;16;1;14;43;44;99;6.60;2;2;1;87;0;5302499;7447;0
526;16;1;14;46;2;99;4.60;2;2;1;90;0;5316299;13772;0
526;16;1;14;46;10;99;3.80;2;2;1;105;0;5317099;781;0
526;16;1;14;46;11;20;3.00;1;1;1;91;0;5317120;28382;0
526;16;1;14;46;24;43;4.00;2;2;1;73;0;5318443;1330;0
526;16;1;14;47;43;11;3.60;2;2;1;83;0;5326311;7848;0
526;16;1;14;48;19;1;5.80;2;2;1;88;0;5329901;3574;0
526;16;1;14;50;39;99;3.60;1;1;1;83;0;5343999;26867;0
526;16;1;14;50;41;99;4.00;1;1;1;83;0;5344199;184;0
526;16;1;14;51;21;71;3.80;2;2;1;83;0;5348171;18246;0
526;16;1;14;51;49;66;3.80;1;1;1;104;0;5350966;6749;0
526;16;1;14;52;7;31;6.20;1;1;1;94;0;5352731;1751;0
526;16;1;14;52;8;99;4.00;1;1;1;92;0;5352899;144;0
526;16;1;14;54;27;99;4.20;1;1;1;92;0;5366799;13884;0
526;16;1;14;54;45;12;4.20;2;2;1;87;0;5368512;20324;0
526;16;1;14;54;46;99;4.40;2;2;1;87;0;5368699;169;0
526;16;1;14;54;52;99;4.00;2;2;1;90;0;5369299;581;0
526;16;1;14;57;1;12;3.40;1;1;1;79;0;5382112;15296;0
526;16;1;14;57;3;99;3.20;1;1;1;76;0;5382399;271;0
526;16;1;14;58;15;4;3.80;1;1;1;87;0;5389504;7089;0
526;16;1;14;58;19;99;4.40;1;1;1;82;0;5389999;479;0
526;16;1;14;59;13;27;3.60;1;1;1;83;0;5395327;5308;0
526;16;1;14;59;16;99;3.80;1;1;1;80;0;5395699;356;0
526;16;1;14;59;46;7;3.60;1;1;1;99;0;5398607;2890;0
526;16;1;14;59;56;84;3.40;2;2;1;73;0;5399684;30369;0
526;16;1;15;1;27;29;4.40;2;2;1;95;0;5408729;9028;0
526;16;1;15;2;50;99;3.80;2;2;1;79;0;5417099;8353;0
526;16;1;15;2;53;2;3.80;2;2;1;79;0;5417302;185;0
526;16;1;15;2;54;99;4.00;1;1;1;89;0;5417499;18878;0
526;16;1;15;4;37;0;3.60;1;1;1;86;0;5427700;10184;0
526;16;1;15;5;1;99;4.60;2;2;1;83;0;5430199;12879;0
526;16;1;15;5;14;99;3.60;2;2;1;83;0;5431499;1280;0
526;16;1;15;6;3;99;4.20;2;2;1;75;0;5436399;4884;0
526;16;1;15;6;5;9;4.20;2;2;1;77;0;5436509;89;0
526;16;1;15;6;58;99;4.00;2;2;1;89;0;5441899;5370;0
526;16;1;15;7;21;99;3.60;1;1;1;89;0;5444199;16483;0
526;16;1;15;7;23;28;3.80;1;1;1;91;0;5444328;114;0
526;16;1;15;8;9;57;4.20;2;2;1;112;0;5448957;7041;0
526;16;1;15;8;59;99;3.60;2;2;1;77;0;5453999;5028;0
526;16;1;15;9;5;99;3.80;2;2;1;81;0;5454599;583;0
526;16;1;15;9;7;15;4.20;2;2;1;80;0;5454715;99;0
526;16;1;15;9;31;6;3.60;2;2;1;91;0;5457106;2372;0
526;16;1;15;10;6;99;3.80;2;2;1;86;0;5460699;3578;0
526;16;1;15;11;20;99;4.20;2;2;1;95;0;5468099;7384;0
526;16;1;15;11;48;29;4.20;1;1;1;94;0;5470829;26485;0
526;16;1;15;12;8;99;4.00;1;1;1;88;0;5472899;2053;0
526;16;1;15;12;18;63;4.40;1;1;1;81;0;5473863;947;0
526;16;1;15;13;29;60;3.80;2;2;1;93;0;5480960;12845;0
526;16;1;15;13;38;38;24.60;1;1;5;91;0;5481838;7955;0
526;16;1;15;14;14;99;4.00;1;1;1;94;0;5485499;3563;0
526;16;1;15;14;38;23;3.80;1;1;1;84;0;5487823;2308;0
526;16;1;15;15;47;99;4.20;1;1;1;93;0;5494799;6959;0
526;16;1;15;16;14;99;6.60;2;2;1;85;0;5497499;16524;0
526;16;1;15;16;47;97;4.80;1;1;1;79;0;5500797;5981;0
526;16;1;15;17;5;80;3.80;1;1;1;60;0;5502580;1761;0
526;16;1;15;18;2;99;3.80;1;1;1;87;0;5508299;5696;0
526;16;1;15;19;0;77;4.00;2;2;1;76;0;5514077;16550;0
526;16;1;15;19;3;99;4.00;2;2;1;89;0;5514399;303;0
526;16;1;15;19;38;99;4.00;1;1;1;82;0;5517899;9584;0
526;16;1;15;20;19;10;4.00;2;2;1;95;0;5521910;7494;0
526;16;1;15;20;38;64;22.00;1;1;5;82;0;5523864;5947;0
526;16;1;15;20;43;99;9.40;1;1;6;76;0;5524399;438;0
526;16;1;15;20;46;99;5.20;1;1;1;71;0;5524699;255;0
526;16;1;15;21;11;99;3.80;2;2;1;91;0;5527199;5273;0
526;16;1;15;22;18;99;4.00;2;2;1;82;0;5533899;6684;0
526;16;1;15;22;20;99;3.80;2;2;1;86;0;5534099;182;0
526;16;1;15;22;21;11;4.00;2;2;1;81;0;5534111;-1;0
526;16;1;15;22;44;99;4.40;1;1;1;91;0;5536499;11773;0
526;16;1;15;22;48;24;4.80;1;1;1;88;0;5536824;307;0
526;16;1;15;23;9;1;3.20;2;2;1;75;0;5538901;4772;0
526;16;1;15;24;29;99;4.80;2;2;1;146;0;5546999;8082;0
526;16;1;15;24;37;5;3.80;2;2;1;85;0;5547705;694;0
526;16;1;15;24;41;99;4.20;1;1;1;97;0;5548199;11355;0
526;16;1;15;25;36;0;9.00;1;1;6;86;0;5553600;5385;0
526;16;1;15;27;23;99;3.80;2;2;1;73;0;5564399;16677;0
526;16;1;15;27;26;28;3.80;1;1;1;96;0;5564628;10990;0
526;16;1;15;27;27;2;4.40;2;2;1;74;0;5564702;284;0
526;16;1;15;27;36;69;22.00;1;1;5;83;0;5565669;1026;0
526;16;1;15;27;39;47;4.40;1;1;1;89;0;5565947;182;0
526;16;1;15;27;45;27;4.00;1;1;1;88;0;5566527;562;0
526;16;1;15;28;21;99;3.80;2;2;1;85;0;5570199;5475;0
526;16;1;15;29;13;22;4.00;1;1;1;94;0;5575322;8778;0
526;16;1;15;29;29;59;4.00;1;1;1;96;0;5576959;1621;0
526;16;1;15;29;59;3;3.80;1;1;1;87;0;5579903;2929;0
526;16;1;15;30;45;17;4.40;2;2;1;86;0;5584517;14301;0
526;16;1;15;30;48;8;5.20;2;2;1;86;0;5584808;272;0
526;16;1;15;31;41;99;3.60;1;1;1;76;0;5590199;10280;0
526;16;1;15;31;56;99;4.00;1;1;1;95;0;5591699;1482;0
526;16;1;15;32;19;10;3.40;2;2;1;87;0;5593910;9080;0
526;16;1;15;32;56;25;4.20;2;2;1;87;0;5597625;3700;0
526;16;1;15;34;45;99;4.00;1;1;1;97;0;5608599;16884;0
526;16;1;15;34;47;16;4.00;2;2;1;79;0;5608716;11073;0
526;16;1;15;34;50;99;4.20;2;2;1;79;0;5609099;364;0
526;16;1;15;34;52;99;4.00;2;2;1;79;0;5609299;180;0
526;16;1;15;34;56;2;3.80;2;2;1;79;0;5609602;284;0
526;16;1;15;35;36;10;3.40;2;2;1;76;0;5613610;3990;0
526;16;1;15;38;57;44;3.60;1;1;1;78;0;5633744;25130;0
526;16;1;15;39;19;99;6.80;2;2;2;71;0;5635999;22372;0
526;16;1;15;39;34;99;4.00;2;2;1;86;0;5637499;1465;0
526;16;1;15;39;37;21;3.80;2;2;1;91;0;5637721;205;0
526;16;1;15;39;42;99;4.20;2;2;1;87;0;5638299;562;0
526;16;1;15;40;26;99;3.80;1;1;1;64;0;5642699;8938;0
526;16;1;15;41;13;50;3.60;1;1;1;86;0;5647350;4629;0
526;16;1;15;41;18;27;3.60;2;2;1;84;0;5647827;9510;0
526;16;1;15;42;26;99;3.80;1;1;1;106;0;5654699;7333;0
526;16;1;15;42;34;11;4.00;1;1;1;80;0;5655411;699;0
526;16;1;15;43;15;99;4.00;2;2;1;79;0;5659599;11756;0
526;16;1;15;43;22;99;3.40;2;2;1;78;0;5660299;681;0
526;16;1;15;43;31;99;13.00;1;1;3;87;0;5661199;5770;0
526;16;1;15;44;13;99;3.60;2;2;1;80;0;5665399;5084;0
526;16;1;15;44;16;17;4.00;2;2;1;80;0;5665617;201;0
526;16;1;15;44;36;24;3.80;1;1;1;92;0;5667624;6371;0
526;16;1;15;45;14;99;4.20;2;2;1;84;0;5671499;5864;0
526;16;1;15;45;16;28;3.80;2;2;1;67;0;5671628;111;0
526;16;1;15;46;26;19;3.60;2;2;1;84;0;5678619;6970;0
526;16;1;15;47;45;99;3.60;1;1;1;93;0;5686599;18960;0
526;16;1;15;47;59;9;4.40;2;2;1;77;0;5687909;9274;0
526;16;1;15;48;20;8;3.80;2;2;1;86;0;5690008;2078;0
526;16;1;15;48;23;57;3.80;2;2;1;91;0;5690357;333;0
526;16;1;15;49;0;5;3.80;2;2;1;81;0;5694005;3632;0
526;16;1;15;49;2;11;4.00;2;2;1;82;0;5694211;189;0
526;16;1;15;50;17;99;4.60;1;1;1;76;0;5701799;15186;0
526;16;1;15;50;24;99;3.60;1;1;1;82;0;5702499;678;0
526;16;1;15;50;44;95;5.80;1;1;1;101;0;5704495;1980;0
526;16;1;15;51;16;99;3.80;2;2;1;84;0;5707699;13470;0
526;16;1;15;54;1;99;4.20;1;1;1;85;0;5724199;19683;0
526;16;1;15;54;12;99;4.20;2;2;1;87;0;5725299;17583;0
526;16;1;15;54;12;99;4.60;1;1;1;91;0;5725299;1082;0
526;16;1;15;55;28;44;4.40;2;2;1;83;0;5732844;7527;0
526;16;1;15;55;32;99;3.80;2;2;1;85;0;5733299;435;0
526;16;1;15;57;11;99;5.40;1;1;1;80;0;5743199;17881;0
526;16;1;15;57;22;17;3.40;1;1;1;87;0;5744217;993;0
526;16;1;15;57;38;57;3.80;1;1;1;91;0;5745857;1625;0
526;16;1;15;57;40;99;3.60;1;1;1;95;0;5746099;226;0
526;16;1;15;58;41;24;4.00;2;2;1;92;0;5752124;18808;0
526;16;1;15;58;43;82;1.80;2;2;1;110;0;5752382;242;0
526;16;1;16;0;11;99;4.00;1;1;1;89;0;5761199;15086;0
526;16;1;16;0;30;99;4.20;1;1;1;80;0;5763099;1883;0
526;16;1;16;0;34;8;3.60;1;1;1;96;0;5763408;290;0
526;16;1;16;1;12;99;4.00;1;1;1;91;0;5767299;3877;0
526;16;1;16;2;20;28;2.80;2;2;1;85;0;5774028;21640;0
526;16;1;16;3;21;23;3.40;2;2;1;88;0;5780123;6083;0
526;16;1;16;3;32;84;3.80;1;1;1;88;0;5781284;13969;0
526;16;1;16;3;43;99;4.60;2;2;1;97;0;5782399;2262;0
526;16;1;16;4;19;99;6.60;2;2;1;75;0;5785999;3582;0
526;16;1;16;4;38;67;3.60;1;1;1;84;0;5787867;6567;0
526;16;1;16;4;39;99;4.00;1;1;1;96;0;5787999;116;0
526;16;1;16;4;41;99;3.80;1;1;1;90;0;5788199;185;0
526;16;1;16;4;44;99;3.60;1;1;1;84;0;5788499;284;0
526;16;1;16;4;58;99;3.80;1;1;1;85;0;5789899;1384;0
526;16;1;16;5;2;99;3.60;1;1;1;87;0;5790299;383;0
526;16;1;16;7;17;99;4.20;2;2;1;85;0;5803799;17768;0
526;16;1;16;7;22;69;4.00;2;2;1;88;0;5804269;452;0
526;16;1;16;7;26;99;3.60;2;2;1;84;0;5804699;413;0
526;16;1;16;7;38;27;1.20;2;2;1;86;0;5805827;1112;0
526;16;1;16;8;39;10;4.00;1;1;1;85;0;5811910;21596;0
526;16;1;16;8;51;40;3.80;1;1;1;87;0;5813140;1213;0
526;16;1;16;9;3;26;3.20;1;1;1;79;0;5814326;1170;0
526;16;1;16;9;52;99;3.60;1;1;1;86;0;5819299;4958;0
526;16;1;16;11;1;7;3.20;2;2;1;84;0;5826107;20274;0
526;16;1;16;11;16;99;4.20;1;1;1;96;0;5827699;8384;0
526;16;1;16;11;47;19;3.60;2;2;1;74;0;5830719;4598;0
526;16;1;16;12;1;1;6.00;2;2;1;94;0;5832101;1364;0
526;16;1;16;12;3;19;4.20;1;1;1;84;0;5832319;4604;0
526;16;1;16;12;5;22;3.80;1;1;1;85;0;5832522;185;0
526;16;1;16;12;16;26;4.40;2;2;1;105;0;5833626;1502;0
526;16;1;16;12;54;99;3.60;1;1;1;93;0;5837499;4960;0
526;16;1;16;14;22;15;3.80;2;2;1;92;0;5846215;12573;0
526;16;1;16;14;33;99;5.40;1;1;1;92;0;5847399;9886;0
526;16;1;16;15;11;99;4.60;2;2;1;81;0;5851199;4969;0
526;16;1;16;15;11;99;3.80;1;1;1;94;0;5851199;3778;0
526;16;1;16;15;13;99;3.40;2;2;1;81;0;5851399;179;0
526;16;1;16;15;17;99;3.80;2;2;1;85;0;5851799;384;0
526;16;1;16;15;18;23;4.00;1;2;1;97;0;5851823;-2;0
526;16;1;16;15;22;99;4.00;2;2;1;82;0;5852299;483;0
526;16;1;16;16;45;62;4.20;2;2;1;85;0;5860562;8245;0
526;16;1;16;18;53;32;12.00;2;2;2;88;0;5873332;12752;0
526;16;1;16;21;29;17;3.40;1;1;1;58;0;5888917;37703;0
526;16;1;16;21;43;99;3.40;2;2;1;80;0;5890399;17017;0
526;16;1;16;21;55;99;4.20;1;1;1;89;0;5891599;2660;0
526;16;1;16;21;57;74;3.20;1;1;1;90;0;5891774;158;0
526;16;1;16;22;11;99;4.00;2;2;1;86;0;5893199;2784;0
526;16;1;16;22;18;9;5.40;1;1;1;90;0;5893809;2022;0
526;16;1;16;22;37;99;3.80;1;1;1;104;0;5895799;1968;0
526;16;1;16;25;16;99;3.60;2;2;1;88;0;5911699;18483;0
526;16;1;16;25;24;37;3.60;1;1;1;98;0;5912437;16624;0
526;16;1;16;25;30;7;3.80;2;2;1;86;0;5913007;1293;0
526;16;1;16;26;1;99;3.80;1;1;1;79;0;5916199;3748;0
526;16;1;16;26;4;13;3.60;1;1;1;95;0;5916413;196;0
526;16;1;16;29;19;42;1.20;2;2;1;77;0;5935942;22919;0
526;16;1;16;29;38;14;4.00;1;1;1;90;0;5937814;21387;0
526;16;1;16;29;42;16;25.40;2;2;5;99;0;5938216;2268;0
526;16;1;16;30;53;4;4.00;1;1;1;89;0;5945304;7474;0
526;16;1;16;30;55;12;3.40;1;1;1;94;0;5945512;191;0
526;16;1;16;31;45;99;3.80;2;2;1;104;0;5950599;12290;0
526;16;1;16;31;58;2;4.20;2;2;1;88;0;5951802;1189;0
526;16;1;16;32;3;17;4.80;2;2;1;86;0;5952317;497;0
526;16;1;16;32;11;25;3.80;1;1;1;91;0;5953125;7599;0
526;16;1;16;33;48;82;20.00;1;1;5;88;0;5962882;9741;0
526;16;1;16;35;20;5;5.60;2;2;1;87;0;5972005;19667;0
526;16;1;16;35;28;99;4.60;2;2;1;82;0;5972899;870;0
526;16;1;16;35;44;69;23.00;2;2;5;88;0;5974469;1549;0
526;16;1;16;35;48;19;4.60;2;2;1;86;0;5974819;255;0
526;16;1;16;36;6;99;4.00;2;2;1;91;0;5976699;1860;0
526;16;1;16;36;20;18;3.80;1;1;1;86;0;5978018;15054;0
526;16;1;16;36;23;88;4.20;2;2;1;73;0;5978388;1673;0
526;16;1;16;36;44;12;3.80;2;2;1;87;0;5980412;2003;0
526;16;1;16;37;54;10;3.60;1;1;1;78;0;5987410;9376;0
526;16;1;16;38;35;37;3.60;1;1;1;100;0;5991537;4110;0
526;16;1;16;39;39;24;4.20;1;1;1;82;0;5997924;6374;0
526;16;1;16;39;43;99;4.00;1;1;1;79;0;5998399;456;0
526;16;1;16;40;27;28;4.20;1;1;1;106;0;6002728;4310;0
526;16;1;16;40;38;57;4.00;1;1;1;87;0;6003857;1114;0
526;16;1;16;40;49;99;4.00;1;1;1;98;0;6004999;1125;0
526;16;1;16;41;8;3;3.60;1;1;1;79;0;6006803;1789;0
526;16;1;16;41;28;99;4.00;2;2;1;86;0;6008899;28471;0
526;16;1;16;41;45;99;8.80;1;1;6;85;0;6010599;3779;0
526;16;1;16;41;49;99;4.00;1;1;1;87;0;6010999;362;0
526;16;1;16;42;5;53;3.80;2;2;1;79;0;6012553;3637;0
526;16;1;16;42;36;76;3.80;1;1;1;87;0;6015676;4660;0
526;16;1;16;43;13;14;3.60;2;2;1;82;0;6019314;6743;0
526;16;1;16;44;11;76;4.80;1;1;1;95;0;6025176;9484;0
526;16;1;16;44;24;28;4.00;1;1;1;86;0;6026428;1233;0
526;16;1;16;45;5;88;3.40;1;1;1;81;0;6030588;4143;0
526;16;1;16;45;44;19;3.80;1;1;1;88;0;6034419;3815;0
526;16;1;16;46;16;29;3.40;1;1;1;81;0;6037629;3194;0
526;16;1;16;46;19;23;3.80;1;1;1;85;0;6037923;278;0
526;16;1;16;47;25;4;4.00;2;2;1;85;0;6044504;25174;0
526;16;1;16;49;9;99;4.60;1;1;1;103;0;6054999;17059;0
526;16;1;16;49;11;99;3.60;1;1;1;87;0;6055199;183;0
526;16;1;16;50;43;93;24.00;2;2;5;72;0;6064393;19872;0
526;16;1;16;50;47;99;3.80;2;2;1;77;0;6064799;286;0
526;16;1;16;50;50;90;4.00;2;2;1;80;0;6065090;273;0
526;16;1;16;50;53;99;4.20;2;2;1;83;0;6065399;291;0
526;16;1;16;50;56;14;4.20;2;2;1;80;0;6065614;196;0
526;16;1;16;51;58;99;4.00;1;1;1;82;0;6071899;16685;0
526;16;1;16;52;7;60;3.80;1;1;1;87;0;6072760;843;0
526;16;1;16;52;59;99;9.20;2;2;6;73;0;6077999;12366;0
526;16;1;16;53;18;99;4.80;1;1;1;84;0;6079899;7123;0
526;16;1;16;54;58;26;4.40;1;1;1;110;0;6089826;9906;0
526;16;1;16;55;5;99;3.80;1;1;1;86;0;6090599;758;0
526;16;1;16;56;10;93;3.60;2;2;1;92;0;6097093;19048;0
526;16;1;16;57;23;99;3.40;2;2;1;87;0;6104399;7291;0
526;16;1;16;57;47;91;22.00;2;2;5;91;0;6106791;2377;0
526;16;1;16;58;39;26;3.60;1;1;1;84;0;6111926;21311;0
526;16;1;16;58;56;55;3.80;2;2;1;84;0;6113655;6776;0
526;16;1;16;59;8;99;5.80;2;2;1;104;0;6114899;1227;0
526;16;1;16;59;43;70;3.60;2;2;1;56;0;6118370;3450;0
526;16;1;17;0;23;34;4.00;2;2;1;78;0;6122334;3940;0
526;16;1;17;0;26;57;4.00;2;2;1;79;0;6122657;304;0
526;16;1;17;1;28;99;4.40;1;1;1;85;0;6128899;16957;0
526;16;1;17;1;58;81;4.40;2;2;1;79;0;6131881;9205;0
526;16;1;17;2;13;44;3.80;2;2;1;93;0;6133344;1442;0
526;16;1;17;3;45;34;4.00;2;2;1;99;0;6142534;9175;0
526;16;1;17;4;31;18;3.60;2;2;1;83;0;6147118;4569;0
526;16;1;17;8;22;60;24.60;2;2;5;85;0;6170260;23126;0
526;16;1;17;10;20;35;3.80;1;1;1;95;0;6182035;53117;0
526;16;1;17;10;23;13;4.80;1;1;1;93;0;6182313;263;0
526;16;1;17;11;23;26;3.60;1;1;1;87;0;6188326;5994;0
526;16;1;17;13;3;26;4.40;2;2;1;82;0;6198326;27961;0
526;16;1;17;13;9;84;3.80;2;2;1;80;0;6198984;638;0
526;16;1;17;13;11;78;3.60;1;1;1;80;0;6199178;10837;0
526;16;1;17;14;8;99;3.40;1;1;1;80;0;6204899;5704;0
526;16;1;17;14;9;99;4.60;1;1;1;83;0;6204999;84;0
526;16;1;17;17;26;3;4.20;2;2;1;94;0;6224603;25601;0
526;16;1;17;18;6;99;3.60;1;1;1;91;0;6228699;23680;0
526;16;1;17;19;54;99;3.80;2;2;1;90;0;6239499;14879;0
526;16;1;17;20;53;15;4.00;1;1;1;95;0;6245315;16601;0
526;16;1;17;21;23;73;1.20;2;2;1;77;0;6248373;8858;0
526;16;1;17;21;33;79;3.80;1;1;1;92;0;6249379;4048;0
526;16;1;17;22;37;82;3.40;1;1;1;84;0;6255782;6388;0
526;16;1;17;23;11;99;3.80;2;2;1;84;0;6259199;10820;0
526;16;1;17;24;3;1;4.60;1;1;1;80;0;6264301;8504;0
526;16;1;17;24;5;99;6.20;1;1;1;78;0;6264599;277;0
526;16;1;17;24;24;51;4.20;2;2;1;87;0;6266451;7235;0
526;16;1;17;24;26;99;3.80;2;2;1;86;0;6266699;230;0
526;16;1;17;25;12;99;5.00;1;1;1;80;0;6271299;6671;0
526;16;1;17;26;57;13;4.20;2;2;1;94;0;6281713;14998;0
526;16;1;17;29;19;12;3.80;2;2;1;86;0;6295912;14182;0
526;16;1;17;29;23;99;4.20;2;2;1;86;0;6296399;471;0
526;16;1;17;31;4;24;3.80;1;1;1;85;0;6306424;35102;0
526;16;1;17;31;12;99;4.40;2;2;1;94;0;6307299;10882;0
526;16;1;17;31;16;5;4.40;1;1;1;87;0;6307605;1164;0
526;16;1;17;31;17;8;4.00;2;2;1;87;0;6307708;392;0
526;16;1;17;31;21;33;4.40;2;2;1;85;0;6308133;408;0
526;16;1;17;32;2;1;3.40;2;2;1;103;0;6312201;4049;0
526;16;1;17;33;27;7;5.00;2;2;1;91;0;6320707;8494;0
526;16;1;17;33;31;99;4.60;2;2;1;78;0;6321199;472;0
526;16;1;17;33;34;99;3.80;2;2;1;75;0;6321499;278;0
526;16;1;17;33;35;81;4.00;2;2;1;72;0;6321581;63;0
526;16;1;17;33;40;99;8.60;1;1;6;84;0;6322099;14475;0
526;16;1;17;34;46;50;3.60;1;1;1;83;0;6328650;6514;0
526;16;1;17;35;23;31;1.20;1;1;1;84;0;6332331;3665;0
526;16;1;17;36;30;99;3.80;2;2;1;78;0;6339099;17498;0
526;16;1;17;36;52;0;2.80;1;1;1;93;0;6341200;8863;0
526;16;1;17;37;37;99;4.00;2;2;1;91;0;6345799;6682;0
526;16;1;17;37;49;99;4.80;2;2;1;70;0;6346999;1184;0
526;16;1;17;38;22;99;4.00;2;2;1;73;0;6350299;3275;0
526;16;1;17;40;48;99;6.40;1;1;1;96;0;6364899;23688;0
526;16;1;17;41;8;75;3.80;2;2;1;77;0;6366875;16556;0
526;16;1;17;42;15;6;6.20;1;1;1;95;0;6373506;8583;0
526;16;1;17;42;44;9;3.60;1;1;1;86;0;6376409;2879;0
526;16;1;17;42;57;99;3.80;2;2;1;93;0;6377799;10906;0
526;16;1;17;42;58;99;4.60;1;1;1;79;0;6377899;1474;0
526;16;1;17;44;21;99;3.60;1;1;1;84;0;6386199;8279;0
526;16;1;17;44;23;99;3.60;1;1;1;86;0;6386399;184;0
526;16;1;17;45;1;83;6.80;2;2;1;99;0;6390183;12369;0
526;16;1;17;45;48;99;4.20;2;2;1;93;0;6394899;4691;0
526;16;1;17;45;56;99;13.80;2;2;3;83;0;6395699;783;0
526;16;1;17;49;58;71;13.60;1;1;3;87;0;6419871;33456;0
526;16;1;17;50;1;40;1.00;2;2;1;1;1;6420140;24381;0
526;16;1;17;51;15;99;8.40;1;1;2;91;0;6427599;7671;0
526;16;1;17;52;22;99;3.60;2;2;1;81;0;6434299;38540;0
526;16;1;17;52;26;60;3.80;2;2;1;80;0;6434660;345;0
526;16;1;17;52;31;91;4.00;2;2;1;81;0;6435191;513;0
526;16;1;17;52;36;21;4.80;2;2;1;76;0;6435621;412;0
526;16;1;17;55;35;31;4.00;1;1;1;101;0;6453531;25898;0
526;16;1;17;56;56;99;5.60;2;2;1;92;0;6461699;26055;0
526;16;1;17;57;37;99;9.20;2;2;6;90;0;6465799;4078;0
526;16;1;17;58;32;38;24.00;2;2;5;86;0;6471238;5402;0
526;16;1;17;58;38;99;4.40;1;1;1;96;0;6471899;18353;0
526;16;1;17;58;46;99;3.60;1;1;1;85;0;6472699;783;0
526;16;1;17;58;51;99;4.20;2;2;1;101;0;6473199;1860;0
526;16;1;17;59;6;99;5.20;1;1;1;91;0;6474699;1984;0
526;16;1;18;1;10;99;5.40;2;2;1;85;0;6487099;13885;0
526;16;1;18;1;27;99;3.40;1;1;1;85;0;6488799;14079;0
526;16;1;18;1;32;25;4.00;1;1;1;93;0;6489225;411;0
526;16;1;18;2;44;15;4.20;1;1;1;83;0;6496415;7174;0
526;16;1;18;2;55;84;21.40;2;2;5;82;0;6497584;10462;0
526;16;1;18;4;0;6;4.60;2;2;1;96;0;6504006;6328;0
526;16;1;18;5;1;81;4.00;2;2;1;89;0;6510181;6157;0
526;16;1;18;5;42;99;5.60;1;1;1;96;0;6514299;17865;0
526;16;1;18;5;53;20;4.80;2;2;1;85;0;6515320;5122;0
526;16;1;18;7;27;99;3.80;1;1;1;102;0;6524799;10479;0
526;16;1;18;7;33;99;3.80;1;1;1;85;0;6525399;586;0
526;16;1;18;7;57;99;4.20;1;1;1;97;0;6527799;2383;0
526;16;1;18;8;13;14;1.00;2;2;1;1;1;6529314;13973;0
526;16;1;18;8;47;99;4.00;2;2;1;87;0;6532799;17458;0
526;16;1;18;9;46;9;3.80;1;1;1;87;0;6538609;10794;0
526;16;1;18;9;49;13;3.60;1;1;1;86;0;6538913;288;0
526;16;1;18;13;38;69;3.80;2;2;1;80;0;6561869;29053;0
526;16;1;18;14;41;23;4.60;2;2;1;106;0;6568123;6236;0
526;16;1;18;14;42;67;4.20;2;2;1;106;0;6568267;128;0
526;16;1;18;18;32;23;3.60;2;2;1;90;0;6591223;22941;0
526;16;1;18;20;22;5;4.00;1;1;1;81;0;6602205;63276;0
526;16;1;18;20;32;45;3.80;1;1;1;82;0;6603245;1022;0
526;16;1;18;20;59;90;11.60;1;1;2;93;0;6605990;2728;0
526;16;1;18;21;7;99;6.60;1;1;1;81;0;6606799;764;0
526;16;1;18;22;43;58;5.00;1;1;1;88;0;6616358;9529;0
526;16;1;18;24;53;99;4.00;2;2;1;80;0;6629399;38161;0
526;16;1;18;25;10;99;3.80;2;2;1;78;0;6631099;1682;0
526;16;1;18;25;12;99;4.40;2;2;1;83;0;6631299;182;0
526;16;1;18;28;15;99;4.80;2;2;1;88;0;6649599;18280;0
526;16;1;18;29;31;99;3.80;2;2;1;83;0;6657199;7580;0
526;16;1;18;29;36;99;3.80;2;2;1;80;0;6657699;483;0
526;16;1;18;30;33;42;2.80;1;1;1;94;0;6663342;46963;0
526;16;1;18;32;15;99;4.80;1;1;1;92;0;6673599;10246;0
526;16;1;18;32;17;21;4.20;1;1;1;92;0;6673721;103;0
526;16;1;18;32;26;99;4.60;1;1;1;96;0;6674699;961;0
526;16;1;18;33;2;55;3.40;2;2;1;87;0;6678255;20538;0
526;16;1;18;33;23;69;5.80;1;1;1;105;0;6680369;5652;0
526;16;1;18;34;20;9;3.60;1;1;1;87;0;6686009;5620;0
526;16;1;18;35;51;8;3.80;1;1;1;89;0;6695108;9084;0
526;16;1;18;36;37;8;4.20;1;1;1;95;0;6699708;4584;0
526;16;1;18;37;34;9;3.60;1;1;1;89;0;6705409;5685;0
526;16;1;18;38;56;14;2.80;1;1;1;95;0;6713614;8190;0
526;16;1;18;39;6;91;4.20;1;1;1;100;0;6714691;1066;0
526;16;1;18;39;46;99;4.20;2;2;1;89;0;6718699;40429;0
526;16;1;18;40;34;99;3.80;1;1;1;86;0;6723499;8792;0
526;16;1;18;43;14;19;6.80;2;2;6;97;0;6739419;20703;0
526;16;1;18;43;43;99;4.40;2;2;1;77;0;6742399;2954;0
526;16;1;18;43;47;38;3.80;2;2;1;83;0;6742738;318;0
526;16;1;18;43;51;99;4.80;2;2;1;95;0;6743199;444;0
526;16;1;18;44;0;48;4.00;1;1;1;85;0;6744048;20533;0
526;16;1;18;44;3;56;3.80;1;1;1;79;0;6744356;291;0
526;16;1;18;44;5;2;3.80;1;1;1;79;0;6744502;128;0
526;16;1;18;47;10;34;13.60;1;1;4;85;0;6763034;18514;0
526;16;1;18;47;20;20;3.40;1;1;1;89;0;6764020;928;0
526;16;1;18;48;36;8;4.60;2;2;1;87;0;6771608;28390;0
526;16;1;18;53;37;23;4.00;1;1;1;94;0;6801723;37689;0
526;16;1;18;54;4;39;2.80;2;2;1;10;0;6804439;32811;0
526;16;1;18;54;7;99;3.80;2;2;1;82;0;6804799;259;0
526;16;1;18;55;25;99;4.60;1;1;1;92;0;6812599;10860;0
526;16;1;18;55;33;12;4.20;2;2;1;83;0;6813312;8496;0
526;16;1;18;56;38;63;4.80;2;2;1;88;0;6819863;6532;0
526;16;1;18;56;46;64;22.20;2;2;5;85;0;6820664;781;0
526;16;1;18;58;26;11;3.60;1;1;1;87;0;6830611;17994;0
526;16;1;18;59;33;20;5.40;1;1;1;109;0;6837320;6694;0
526;16;1;19;2;15;20;4.20;1;1;1;125;0;6853520;16182;0
526;16;1;19;3;29;22;3.60;1;1;1;95;0;6860922;7389;0
526;16;1;19;4;49;31;4.00;1;1;1;93;0;6868931;7995;0
526;16;1;19;5;49;99;4.00;2;2;1;82;0;6874999;54240;0
526;16;1;19;6;0;99;3.60;1;1;1;91;0;6876099;7152;0
526;16;1;19;6;20;3;4.20;2;2;1;81;0;6878003;2986;0
526;16;1;19;6;25;99;3.80;2;2;1;74;0;6878599;577;0
526;16;1;19;7;7;47;1.00;2;2;1;1;1;6882747;4129;0
526;16;1;19;7;11;28;1.00;2;2;1;1;1;6883128;4510;0
526;16;1;19;7;13;48;1.00;2;2;1;1;1;6883348;4730;0
526;16;1;19;7;15;50;3.80;2;2;1;87;0;6883550;4932;0
526;16;1;19;7;17;99;4.00;2;2;1;87;0;6883799;233;0
526;16;1;19;8;59;99;4.20;1;1;1;103;0;6893999;17885;0
526;16;1;19;12;12;97;3.80;2;2;1;81;0;6913297;29481;0
526;16;1;19;12;13;99;4.20;2;2;1;82;0;6913399;85;0
526;16;1;19;12;17;45;3.80;2;2;1;83;0;6913745;327;0
526;16;1;19;12;33;90;5.00;2;2;1;87;0;6915390;1628;0
526;16;1;19;13;7;99;4.20;1;1;1;88;0;6918799;24785;0
526;16;1;19;16;20;22;5.00;1;1;1;84;0;6938022;19205;0
526;16;1;19;16;22;99;4.00;1;1;1;85;0;6938299;255;0
526;16;1;19;16;28;68;5.40;1;1;1;105;0;6938868;552;0
526;16;1;19;19;18;99;4.00;2;2;1;84;0;6955899;40488;0
526;16;1;19;21;12;25;3.60;1;1;1;93;0;6967225;28338;0
526;16;1;19;21;26;99;5.00;2;2;1;97;0;6968699;12782;0
526;16;1;19;21;53;80;3.60;1;1;1;77;0;6971380;4141;0
526;16;1;19;22;45;99;4.80;1;1;1;93;0;6976599;5202;0
526;16;1;19;23;6;99;3.40;1;1;1;86;0;6978699;2081;0
526;16;1;19;23;44;99;3.60;1;1;1;99;0;6982499;3785;0
526;16;1;19;26;16;82;12.60;1;1;3;84;0;6997682;15169;0
526;16;1;19;26;22;89;3.80;2;2;1;78;0;6998289;29571;0
526;16;1;19;27;40;11;3.80;2;2;1;83;0;7006011;7704;0
526;16;1;19;27;47;99;3.60;2;2;1;81;0;7006799;771;0
526;16;1;19;28;21;99;4.40;1;1;1;86;0;7010199;12463;0
526;16;1;19;29;26;43;5.60;2;2;1;90;0;7016643;9828;0
526;16;1;19;29;31;27;4.20;1;1;1;104;0;7017127;6909;0
526;16;1;19;30;35;61;4.00;1;1;1;102;0;7023561;6419;0
526;16;1;19;32;58;99;3.80;1;1;1;81;0;7037899;14323;0
526;16;1;19;34;49;99;4.20;2;2;1;86;0;7048999;32333;0
526;16;1;19;34;51;67;3.60;2;2;1;83;0;7049167;150;0
526;16;1;19;38;50;99;3.60;1;1;1;87;0;7073099;35183;0
526;16;1;19;39;49;9;25.40;1;1;5;85;0;7078909;5795;0
526;16;1;19;40;19;76;5.00;2;2;1;83;0;7081976;32793;0
526;16;1;19;40;29;99;3.80;1;1;1;93;0;7082999;3982;0
526;16;1;19;42;12;99;4.20;2;2;1;82;0;7093299;11301;0
526;16;1;19;43;20;23;4.20;1;1;1;94;0;7100023;17009;0
526;16;1;19;48;43;20;3.60;1;1;1;107;0;7132320;32280;0
526;16;1;19;49;39;75;5.40;2;2;1;87;0;7137975;44657;0
526;16;1;19;49;49;12;6.00;1;1;1;97;0;7138912;6579;0
526;16;1;19;49;59;99;4.60;2;2;1;83;0;7139999;2001;0
526;16;1;19;50;55;99;4.40;1;1;1;93;0;7145599;6664;0
526;16;1;19;51;14;99;4.20;2;2;1;95;0;7147499;7480;0
526;16;1;19;51;20;99;5.00;2;2;1;88;0;7148099;584;0
526;16;1;19;51;24;24;5.60;2;2;1;95;0;7148424;304;0
526;16;1;19;53;12;95;3.80;2;2;1;95;0;7159295;10849;0
526;16;1;19;54;40;99;4.20;2;2;1;86;0;7168099;8789;0
526;16;1;19;54;59;14;5.20;2;2;1;86;0;7169914;1797;0
526;16;1;19;56;47;83;4.80;1;1;1;87;0;7180783;35166;0
526;16;1;20;3;43;6;3.80;2;2;1;87;0;7222306;52370;0
526;16;1;20;5;30;99;4.00;2;2;1;83;0;7233099;10777;0
526;16;1;20;6;22;14;4.20;1;1;1;83;0;7238214;57411;0
526;16;1;20;6;23;95;3.40;1;1;1;82;0;7238395;162;0
526;16;1;20;6;29;10;4.40;1;1;1;89;0;7238910;500;0
526;16;1;20;11;10;99;5.80;2;2;1;85;0;7267099;33982;0
526;16;1;20;11;14;24;3.40;2;2;1;84;0;7267424;300;0
526;16;1;20;13;0;99;4.60;1;1;1;88;0;7278099;39171;0
526;16;1;20;14;39;35;4.20;2;2;1;88;0;7287935;20496;0
526;16;1;20;15;28;6;5.20;2;2;1;76;0;7292806;4853;0
526;16;1;20;15;29;99;3.60;2;2;1;81;0;7292999;168;0
526;16;1;20;19;38;12;4.80;1;1;1;85;0;7317812;39694;0
526;16;1;20;23;12;99;3.60;2;2;1;80;0;7339299;46284;0
526;16;1;20;23;21;43;4.00;2;2;1;96;0;7340143;827;0
526;16;1;20;27;24;22;3.80;2;2;1;91;0;7364422;24264;0
526;16;1;20;28;35;2;6.20;2;2;1;92;0;7371502;7064;0
526;16;1;20;31;20;7;4.20;2;2;1;84;0;7388007;16480;0
526;16;1;20;36;33;99;6.00;1;1;1;81;0;7419399;101566;0
526;16;1;20;40;15;95;4.00;2;2;1;87;0;7441595;53570;0
526;16;1;20;44;40;13;3.60;2;2;1;83;0;7468013;26401;0
526;16;1;20;48;49;72;5.80;1;1;1;85;0;7492972;73546;0
526;16;1;20;49;48;88;3.80;1;1;1;83;0;7498888;5891;0
526;16;1;20;49;49;68;6.80;2;1;1;103;0;7498968;-2;0
526;16;1;20;53;35;99;3.80;2;2;1;85;0;7521599;53570;0
526;16;1;20;53;38;29;5.40;2;2;1;89;0;7521829;213;0
526;16;1;20;55;17;99;3.60;1;1;1;92;0;7531799;32894;0
526;16;1;20;55;20;8;4.00;1;1;1;90;0;7532008;194;0
526;16;1;20;55;32;99;3.80;2;2;1;72;0;7533299;11448;0
526;16;1;20;59;40;99;4.20;2;2;1;83;0;7558099;24781;0
526;16;1;21;0;58;1;4.00;1;1;1;106;0;7565801;33777;0
526;16;1;21;3;15;49;1.00;1;1;1;149;1;7579549;13734;0
526;16;1;21;4;21;26;3.80;1;1;1;111;0;7586126;20311;0
526;16;1;21;6;26;37;4.20;1;1;1;112;0;7598637;12498;0
526;16;1;21;8;52;14;4.20;1;1;1;103;0;7613214;14563;0
526;16;1;21;9;49;85;3.60;2;2;1;68;0;7618985;60867;0
526;16;1;21;10;48;87;4.80;1;1;1;17;0;7624887;11658;0
526;16;1;21;11;43;99;3.40;2;2;1;60;0;7630399;11394;0
526;16;1;21;17;41;99;4.20;2;2;1;89;0;7666199;35779;0
526;16;1;21;20;21;16;3.60;2;2;1;81;0;7682116;15900;0
526;16;1;21;20;23;29;3.80;2;2;1;81;0;7682329;197;0
526;16;1;21;25;39;99;3.60;2;2;1;81;0;7713999;31653;0
526;16;1;21;28;31;31;3.80;1;1;1;91;0;7731131;106142;0
526;16;1;21;35;34;7;4.60;2;2;1;80;0;7773407;59392;0
526;16;1;21;35;43;99;4.80;2;2;1;87;0;7774399;971;0
526;16;1;21;37;2;99;4.40;1;1;1;78;0;7782299;51152;0
526;16;1;21;43;21;99;4.80;2;2;1;93;0;7820199;45780;0
526;16;1;21;44;56;99;4.00;1;1;1;84;0;7829699;47379;0
526;16;1;21;45;56;15;4.00;2;2;1;83;0;7835615;15397;0
526;16;1;21;48;51;99;5.40;1;1;1;91;0;7853199;23482;0
526;16;1;21;56;45;69;23.40;2;2;5;86;0;7900569;64936;0
526;16;1;22;6;22;82;3.80;2;2;1;44;0;7958282;57615;0
526;16;1;22;6;53;72;4.80;2;2;1;86;0;7961372;3058;0
526;16;1;22;19;38;12;5.40;2;2;1;76;0;8037812;76419;0
526;16;1;22;20;28;98;4.80;1;1;1;43;0;8042898;189677;0
526;16;1;22;27;17;75;14.00;1;1;5;98;0;8083775;40836;0
526;16;1;22;30;32;99;3.40;2;2;1;92;0;8103299;65461;0
526;16;1;22;33;54;99;7.20;2;2;6;71;0;8123499;20186;0
526;16;1;22;39;8;4;4.20;1;1;1;114;0;8154804;70977;0
526;16;1;22;42;55;42;23.40;1;1;5;82;0;8177542;22724;0
526;16;1;22;46;55;99;3.40;1;1;1;76;0;8201599;23954;0
526;16;1;22;50;3;90;3.60;2;2;1;80;0;8220390;96854;0
526;16;1;22;51;37;11;4.20;2;2;1;78;0;8229711;9304;0
526;16;1;22;56;1;99;3.20;2;2;1;69;0;8256199;26468;0
526;16;1;22;56;53;8;6.20;2;2;1;9;0;8261308;5092;0
526;16;1;22;58;27;37;3.40;1;1;1;108;0;8270737;69121;0
526;16;1;23;2;15;38;4.00;2;2;1;105;0;8293538;31982;0
526;16;1;23;9;17;14;4.00;2;2;1;85;0;8335714;42162;0
526;16;1;23;9;21;99;5.80;2;2;1;82;0;8336199;468;0
526;16;1;23;19;25;99;4.00;2;2;1;82;0;8396599;60374;0
526;16;1;23;21;6;2;4.00;1;1;1;89;0;8406602;135853;0
526;16;1;23;27;19;99;3.80;1;1;1;102;0;8443999;37380;0
526;16;1;23;30;4;47;4.00;1;1;1;130;0;8460447;16434;0
526;16;1;23;31;38;19;3.40;1;1;1;96;0;8469819;9360;0
526;16;1;23;33;41;8;3.80;2;2;1;126;0;8482108;85491;0
526;16;1;23;33;51;91;21.40;2;2;5;90;0;8483191;1072;0
526;16;1;23;42;0;44;3.60;1;1;1;103;0;8532044;62212;0
526;16;1;23;47;47;99;4.20;2;2;1;69;0;8566799;83522;0
